"","GenericDrug","Drug","Date","Value"
"1","A","b","2010-04-29","1"
"2","A","b","2010-04-30","1"
"3","A","b","2010-05-01","1"
"4","A","b","2010-05-02","1"
"5","A","b","2010-05-03","1"
"6","A","b","2010-05-04","1"
"7","A","b","2010-05-05","1"
"8","A","b","2010-05-06","1"
"9","A","b","2010-05-07","1"
"10","A","b","2010-05-08","1"
"11","A","b","2010-05-09","1"
"12","A","b","2010-05-10","1"
"13","A","b","2010-05-11","1"
"14","A","b","2010-05-12","1"
"15","A","b","2010-05-13","1"
"16","A","b","2010-05-14","1"
"17","A","b","2010-05-15","1"
"18","A","b","2010-05-16","1"
"19","A","b","2010-05-17","1"
"20","A","b","2010-05-18","1"
"21","A","b","2010-05-19","1"
"22","A","b","2010-05-20","1"
"23","A","c","2010-05-21","2"
"24","A","c","2010-05-22","2"
"25","A","c","2010-05-23","2"
"26","A","c","2010-05-24","2"
"27","A","c","2010-05-25","2"
"28","A","c","2010-05-26","2"
"29","A","d","2010-05-27","1"
"30","A","d","2010-05-28","1"
"31","A","d","2010-05-29","1"
"32","A","d","2010-05-30","1"
"33","A","d","2010-05-31","1"
"34","A","d","2010-06-01","1"
"35","A","d","2010-06-02","1"
"36","A","d","2010-06-03","1"
"37","A","d","2010-06-04","1"
"38","A","d","2010-06-05","1"
"39","A","d","2010-06-06","1"
"40","A","d","2010-06-07","1"
"41","A","d","2010-06-08","1"
"42","A","d","2010-06-09","1"
"43","A","d","2010-06-10","1"
"44","A","d","2010-06-11","1"
"45","A","d","2010-06-12","1"
"46","A","d","2010-06-13","1"
"47","A","d","2010-06-14","1"
"48","A","d","2010-06-15","1"
"49","A","d","2010-06-16","1"
"50","A","d","2010-06-17","1"
"51","A","l","2010-06-18","0"
"52","A","l","2010-06-19","0"
"53","A","l","2010-06-20","0"
"54","A","b","2010-06-21","1"
"55","A","b","2010-06-22","1"
"56","A","b","2010-06-23","1"
"57","A","b","2010-06-24","1"
"58","A","b","2010-06-25","1"
"59","A","b","2010-06-26","1"
"60","A","b","2010-06-27","1"
"61","A","b","2010-06-28","1"
"62","A","b","2010-06-29","1"
"63","A","b","2010-06-30","1"
"64","A","b","2010-07-01","1"
"65","A","b","2010-07-02","1"
"66","A","b","2010-07-03","1"
"67","A","b","2010-07-04","1"
"68","A","b","2010-07-05","1"
"69","A","b","2010-07-06","1"
"70","A","b","2010-07-07","1"
"71","A","b","2010-07-08","1"
"72","A","b","2010-07-09","1"
"73","A","b","2010-07-10","1"
"74","A","b","2010-07-11","1"
"75","A","b","2010-07-12","1"
"76","A","b","2010-07-13","1"
"77","A","b","2010-07-14","1"
"78","A","b","2010-07-15","1"
"79","A","b","2010-07-16","1"
"80","A","b","2010-07-17","1"
"81","A","b","2010-07-18","1"
"82","A","b","2010-07-19","1"
"83","A","b","2010-07-20","1"
"84","A","b","2010-07-21","1"
"85","A","b","2010-07-22","1"
"86","A","b","2010-07-23","1"
"87","A","b","2010-07-24","1"
"88","A","b","2010-07-25","1"
"89","A","b","2010-07-26","1"
"90","A","b","2010-07-27","1"
"91","A","b","2010-07-28","1"
"92","A","b","2010-07-29","1"
"93","A","b","2010-07-30","1"
"94","A","b","2010-07-31","1"
"95","A","b","2010-08-01","1"
"96","A","b","2010-08-02","1"
"97","A","b","2010-08-03","1"
"98","A","b","2010-08-04","1"
"99","A","b","2010-08-05","1"
"100","A","b","2010-08-06","1"
"101","A","b","2010-08-07","1"
"102","A","b","2010-08-08","1"
"103","A","b","2010-08-09","1"
"104","A","b","2010-08-10","1"
"105","A","b","2010-08-11","1"
"106","A","b","2010-08-12","1"
"107","A","l","2010-08-13","0"
"108","A","l","2010-08-14","0"
"109","A","l","2010-08-15","0"
"110","A","l","2010-08-16","0"
"111","A","l","2010-08-17","0"
"112","A","b","2010-08-18","1"
"113","A","b","2010-08-19","1"
"114","A","b","2010-08-20","1"
"115","A","b","2010-08-21","1"
"116","A","b","2010-08-22","1"
"117","A","b","2010-08-23","1"
"118","A","b","2010-08-24","1"
"119","A","b","2010-08-25","1"
"120","A","b","2010-08-26","1"
"121","A","b","2010-08-27","1"
"122","A","b","2010-08-28","1"
"123","A","b","2010-08-29","1"
"124","A","b","2010-08-30","1"
"125","A","b","2010-08-31","1"
"126","A","b","2010-09-01","1"
"127","A","b","2010-09-02","1"
"128","A","b","2010-09-03","1"
"129","A","b","2010-09-04","1"
"130","A","b","2010-09-05","1"
"131","A","b","2010-09-06","1"
"132","A","b","2010-09-07","1"
"133","A","b","2010-09-08","1"
"134","A","b","2010-09-09","1"
"135","A","b","2010-09-10","1"
"136","A","b","2010-09-11","1"
"137","A","b","2010-09-12","1"
"138","A","b","2010-09-13","1"
"139","A","b","2010-09-14","1"
"140","A","l","2010-09-15","0"
"141","A","b","2010-09-16","1"
"142","A","b","2010-09-17","1"
"143","A","b","2010-09-18","1"
"144","A","b","2010-09-19","1"
"145","A","b","2010-09-20","1"
"146","A","b","2010-09-21","1"
"147","A","b","2010-09-22","1"
"148","A","b","2010-09-23","1"
"149","A","b","2010-09-24","1"
"150","A","b","2010-09-25","1"
"151","A","b","2010-09-26","1"
"152","A","b","2010-09-27","1"
"153","A","b","2010-09-28","1"
"154","A","b","2010-09-29","1"
"155","A","b","2010-09-30","1"
"156","A","b","2010-10-01","1"
"157","A","b","2010-10-02","1"
"158","A","b","2010-10-03","1"
"159","A","b","2010-10-04","1"
"160","A","b","2010-10-05","1"
"161","A","b","2010-10-06","1"
"162","A","b","2010-10-07","1"
"163","A","b","2010-10-08","1"
"164","A","b","2010-10-09","1"
"165","A","b","2010-10-10","1"
"166","A","b","2010-10-11","1"
"167","A","b","2010-10-12","1"
"168","A","b","2010-10-13","1"
"169","A","b","2010-10-14","1"
"170","A","b","2010-10-15","1"
"171","A","b","2010-10-16","1"
"172","A","b","2010-10-17","1"
"173","A","b","2010-10-18","1"
"174","A","b","2010-10-19","1"
"175","A","b","2010-10-20","1"
"176","A","b","2010-10-21","1"
"177","A","b","2010-10-22","1"
"178","A","b","2010-10-23","1"
"179","A","b","2010-10-24","1"
"180","A","b","2010-10-25","1"
"181","A","b","2010-10-26","1"
"182","A","b","2010-10-27","1"
"183","A","b","2010-10-28","1"
"184","A","b","2010-10-29","1"
"185","A","b","2010-10-30","1"
"186","A","b","2010-10-31","1"
"187","A","b","2010-11-01","1"
"188","A","b","2010-11-02","1"
"189","A","b","2010-11-03","1"
"190","A","b","2010-11-04","1"
"191","A","b","2010-11-05","1"
"192","A","b","2010-11-06","1"
"193","A","b","2010-11-07","1"
"194","A","b","2010-11-08","1"
"195","A","b","2010-11-09","1"
"196","A","b","2010-11-10","1"
"197","A","b","2010-11-11","1"
"198","A","b","2010-11-12","1"
"199","A","b","2010-11-13","1"
"200","A","b","2010-11-14","1"
"201","A","b","2010-11-15","1"
"202","A","b","2010-11-16","1"
"203","A","b","2010-11-17","1"
"204","A","b","2010-11-18","1"
"205","A","b","2010-11-19","1"
"206","A","b","2010-11-20","1"
"207","A","b","2010-11-21","1"
"208","A","b","2010-11-22","1"
"209","A","b","2010-11-23","1"
"210","A","b","2010-11-24","1"
"211","A","b","2010-11-25","1"
"212","A","b","2010-11-26","1"
"213","A","b","2010-11-27","1"
"214","A","b","2010-11-28","1"
"215","A","b","2010-11-29","1"
"216","A","b","2010-11-30","1"
"217","A","b","2010-12-01","1"
"218","A","b","2010-12-02","1"
"219","A","b","2010-12-03","1"
"220","A","b","2010-12-04","1"
"221","A","b","2010-12-05","1"
"222","A","b","2010-12-06","1"
"223","A","b","2010-12-07","1"
"224","A","b","2010-12-08","1"
"225","A","b","2010-12-09","1"
"226","A","b","2010-12-10","1"
"227","A","b","2010-12-11","1"
"228","A","b","2010-12-12","1"
"229","A","b","2010-12-13","1"
"230","A","b","2010-12-14","0"
"231","A","b","2010-12-15","1"
"232","A","b","2010-12-16","1"
"233","A","b","2010-12-17","1"
"234","A","b","2010-12-18","1"
"235","A","b","2010-12-19","1"
"236","A","b","2010-12-20","1"
"237","A","b","2010-12-21","1"
"238","A","b","2010-12-22","1"
"239","A","b","2010-12-23","1"
"240","A","b","2010-12-24","1"
"241","A","b","2010-12-25","1"
"242","A","b","2010-12-26","1"
"243","A","b","2010-12-27","1"
"244","A","l","2010-12-28","0"
"245","A","l","2010-12-29","1"
"246","A","l","2010-12-30","0"
"247","A","l","2010-12-31","0"
"248","A","l","2011-01-01","0"
"249","A","l","2011-01-02","0"
"250","A","l","2011-01-03","0"
"251","A","b","2011-01-04","1"
"252","A","b","2011-01-05","0"
"253","A","b","2011-01-06","1"
"254","A","b","2011-01-07","1"
"255","A","b","2011-01-08","1"
"256","A","b","2011-01-09","1"
"257","A","b","2011-01-10","1"
"258","A","b","2011-01-11","1"
"259","A","b","2011-01-12","1"
"260","A","b","2011-01-13","1"
"261","A","b","2011-01-14","1"
"262","A","b","2011-01-15","1"
"263","A","b","2011-01-16","1"
"264","A","b","2011-01-17","1"
"265","A","b","2011-01-18","1"
"266","A","b","2011-01-19","1"
"267","A","b","2011-01-20","1"
"268","A","b","2011-01-21","1"
"269","A","b","2011-01-22","1"
"270","A","b","2011-01-23","1"
"271","A","b","2011-01-24","1"
"272","A","b","2011-01-25","1"
"273","A","b","2011-01-26","1"
"274","A","b","2011-01-27","1"
"275","A","b","2011-01-28","1"
"276","A","b","2011-01-29","1"
"277","A","b","2011-01-30","1"
"278","A","b","2011-01-31","1"
"279","A","b","2011-02-01","1"
"280","A","b","2011-02-02","1"
"281","A","b","2011-02-03","1"
"282","A","b","2011-02-04","1"
"283","A","b","2011-02-05","1"
"284","A","b","2011-02-06","1"
"285","A","b","2011-02-07","1"
"286","A","b","2011-02-08","1"
"287","A","b","2011-02-09","1"
"288","A","b","2011-02-10","1"
"289","A","b","2011-02-11","1"
"290","A","b","2011-02-12","1"
"291","A","b","2011-02-13","1"
"292","A","b","2011-02-14","1"
"293","A","b","2011-02-15","1"
"294","A","b","2011-02-16","1"
"295","A","b","2011-02-17","1"
"296","A","b","2011-02-18","1"
"297","A","b","2011-02-19","1"
"298","A","b","2011-02-20","1"
"299","A","b","2011-02-21","1"
"300","A","b","2011-02-22","1"
"301","A","b","2011-02-23","1"
"302","A","l","2011-02-24","0"
"303","A","l","2011-02-25","0"
"304","A","l","2011-02-26","0"
"305","A","l","2011-02-27","0"
"306","A","b","2011-02-28","1"
"307","A","b","2011-03-01","1"
"308","A","b","2011-03-02","1"
"309","A","b","2011-03-03","1"
"310","A","b","2011-03-04","1"
"311","A","b","2011-03-05","1"
"312","A","b","2011-03-06","1"
"313","A","b","2011-03-07","1"
"314","A","b","2011-03-08","1"
"315","A","b","2011-03-09","0"
"316","A","b","2011-03-10","1"
"317","A","b","2011-03-11","1"
"318","A","b","2011-03-12","1"
"319","A","b","2011-03-13","1"
"320","A","b","2011-03-14","1"
"321","A","b","2011-03-15","1"
"322","A","b","2011-03-16","1"
"323","A","b","2011-03-17","1"
"324","A","b","2011-03-18","1"
"325","A","b","2011-03-19","1"
"326","A","b","2011-03-20","1"
"327","A","b","2011-03-21","1"
"328","A","b","2011-03-22","0"
"329","A","b","2011-03-23","1"
"330","A","b","2011-03-24","1"
"331","A","b","2011-03-25","1"
"332","A","b","2011-03-26","1"
"333","A","b","2011-03-27","1"
"334","A","l","2011-03-28","0"
"335","A","l","2011-03-29","0"
"336","A","l","2011-03-30","0"
"337","A","l","2011-03-31","0"
"338","A","l","2011-04-01","0"
"339","A","b","2011-04-02","1"
"340","A","b","2011-04-03","1"
"341","A","b","2011-04-04","1"
"342","A","b","2011-04-05","1"
"343","A","b","2011-04-06","1"
"344","A","b","2011-04-07","1"
"345","A","b","2011-04-08","1"
"346","A","b","2011-04-09","1"
"347","A","b","2011-04-10","1"
"348","A","b","2011-04-11","1"
"349","A","b","2011-04-12","1"
"350","A","b","2011-04-13","1"
"351","A","b","2011-04-14","1"
"352","A","b","2011-04-15","1"
"353","A","b","2011-04-16","0"
"354","A","b","2011-04-17","1"
"355","A","b","2011-04-18","1"
"356","A","b","2011-04-19","1"
"357","A","b","2011-04-20","1"
"358","A","b","2011-04-21","1"
"359","A","b","2011-04-22","1"
"360","A","b","2011-04-23","1"
"361","A","b","2011-04-24","1"
"362","A","b","2011-04-25","1"
"363","A","b","2011-04-26","1"
"364","A","b","2011-04-27","1"
"365","A","b","2011-04-28","1"
"366","A","b","2011-04-29","1"
"367","A","l","2011-04-30","0"
"368","A","l","2011-05-01","0"
"369","A","l","2011-05-02","0"
"370","A","l","2011-05-03","0"
"371","A","l","2011-05-04","0"
"372","A","l","2011-05-05","0"
"373","A","l","2011-05-06","0"
"374","A","l","2011-05-07","0"
"375","A","l","2011-05-08","0"
"376","A","l","2011-05-09","0"
"377","A","l","2011-05-10","0"
"378","A","l","2011-05-11","0"
"379","A","l","2011-05-12","0"
"380","A","l","2011-05-13","0"
"381","A","l","2011-05-14","0"
"382","A","l","2011-05-15","0"
"383","A","b","2011-05-16","1"
"384","A","b","2011-05-17","1"
"385","A","b","2011-05-18","1"
"386","A","b","2011-05-19","1"
"387","A","b","2011-05-20","1"
"388","A","b","2011-05-21","1"
"389","A","b","2011-05-22","1"
"390","A","b","2011-05-23","1"
"391","A","b","2011-05-24","1"
"392","A","b","2011-05-25","1"
"393","A","b","2011-05-26","1"
"394","A","b","2011-05-27","1"
"395","A","b","2011-05-28","1"
"396","A","b","2011-05-29","1"
"397","A","b","2011-05-30","1"
"398","A","b","2011-05-31","1"
"399","A","b","2011-06-01","1"
"400","A","b","2011-06-02","1"
"401","A","b","2011-06-03","0"
"402","A","b","2011-06-04","1"
"403","A","b","2011-06-05","1"
"404","A","b","2011-06-06","1"
"405","A","b","2011-06-07","1"
"406","A","b","2011-06-08","1"
"407","A","b","2011-06-09","1"
"408","A","b","2011-06-10","1"
"409","A","b","2011-06-11","1"
"410","A","b","2011-06-12","1"
"411","A","l","2011-06-13","1"
"412","A","l","2011-06-14","0"
"413","A","l","2011-06-15","0"
"414","A","l","2011-06-16","0"
"415","A","l","2011-06-17","0"
"416","A","l","2011-06-18","0"
"417","A","l","2011-06-19","0"
"418","A","b","2011-06-20","1"
"419","A","b","2011-06-21","1"
"420","A","b","2011-06-22","1"
"421","A","b","2011-06-23","1"
"422","A","b","2011-06-24","1"
"423","A","b","2011-06-25","1"
"424","A","b","2011-06-26","1"
"425","A","b","2011-06-27","1"
"426","A","b","2011-06-28","1"
"427","A","b","2011-06-29","1"
"428","A","b","2011-06-30","1"
"429","A","b","2011-07-01","1"
"430","A","b","2011-07-02","1"
"431","A","b","2011-07-03","1"
"432","A","b","2011-07-04","1"
"433","A","b","2011-07-05","1"
"434","A","b","2011-07-06","1"
"435","A","b","2011-07-07","1"
"436","A","b","2011-07-08","1"
"437","A","b","2011-07-09","1"
"438","A","b","2011-07-10","0"
"439","A","b","2011-07-11","1"
"440","A","b","2011-07-12","1"
"441","A","b","2011-07-13","1"
"442","A","b","2011-07-14","1"
"443","A","b","2011-07-15","1"
"444","A","b","2011-07-16","1"
"445","A","b","2011-07-17","1"
"446","A","b","2011-07-18","1"
"447","A","b","2011-07-19","1"
"448","A","b","2011-07-20","1"
"449","A","b","2011-07-21","1"
"450","A","b","2011-07-22","1"
"451","A","b","2011-07-23","1"
"452","A","b","2011-07-24","1"
"453","A","b","2011-07-25","1"
"454","A","b","2011-07-26","1"
"455","A","b","2011-07-27","1"
"456","A","b","2011-07-28","1"
"457","A","b","2011-07-29","1"
"458","A","b","2011-07-30","1"
"459","A","b","2011-07-31","0"
"460","A","b","2011-08-01","1"
"461","A","b","2011-08-02","1"
"462","A","b","2011-08-03","1"
"463","A","b","2011-08-04","1"
"464","A","b","2011-08-05","1"
"465","A","b","2011-08-06","1"
"466","A","b","2011-08-07","1"
"467","A","b","2011-08-08","1"
"468","A","b","2011-08-09","1"
"469","A","l","2011-08-10","1"
"470","A","l","2011-08-11","0"
"471","A","l","2011-08-12","0"
"472","A","l","2011-08-13","0"
"473","A","l","2011-08-14","0"
"474","A","l","2011-08-15","0"
"475","A","l","2011-08-16","0"
"476","A","l","2011-08-17","0"
"477","A","b","2011-08-18","1"
"478","A","b","2011-08-19","1"
"479","A","b","2011-08-20","0"
"480","A","b","2011-08-21","1"
"481","A","b","2011-08-22","1"
"482","A","b","2011-08-23","1"
"483","A","b","2011-08-24","1"
"484","A","b","2011-08-25","1"
"485","A","b","2011-08-26","1"
"486","A","b","2011-08-27","1"
"487","A","b","2011-08-28","1"
"488","A","b","2011-08-29","1"
"489","A","b","2011-08-30","1"
"490","A","b","2011-08-31","1"
"491","A","b","2011-09-01","1"
"492","A","b","2011-09-02","1"
"493","A","b","2011-09-03","1"
"494","A","b","2011-09-04","1"
"495","A","b","2011-09-05","1"
"496","A","b","2011-09-06","1"
"497","A","b","2011-09-07","1"
"498","A","b","2011-09-08","1"
"499","A","b","2011-09-09","1"
"500","A","b","2011-09-10","1"
"501","A","b","2011-09-11","1"
"502","A","b","2011-09-12","1"
"503","A","b","2011-09-13","1"
"504","A","b","2011-09-14","1"
"505","A","l","2011-09-15","0"
"506","A","l","2011-09-16","0"
"507","A","l","2011-09-17","0"
"508","A","l","2011-09-18","0"
"509","A","l","2011-09-19","0"
"510","A","l","2011-09-20","0"
"511","A","l","2011-09-21","1"
"512","A","l","2011-09-22","0"
"513","A","l","2011-09-23","0"
"514","A","l","2011-09-24","0"
"515","A","l","2011-09-25","0"
"516","A","l","2011-09-26","0"
"517","A","l","2011-09-27","0"
"518","A","b","2011-09-28","1"
"519","A","b","2011-09-29","1"
"520","A","b","2011-09-30","1"
"521","A","b","2011-10-01","1"
"522","A","b","2011-10-02","1"
"523","A","b","2011-10-03","1"
"524","A","b","2011-10-04","1"
"525","A","b","2011-10-05","1"
"526","A","b","2011-10-06","1"
"527","A","b","2011-10-07","1"
"528","A","b","2011-10-08","1"
"529","A","b","2011-10-09","1"
"530","A","b","2011-10-10","1"
"531","A","b","2011-10-11","1"
"532","A","b","2011-10-12","1"
"533","A","b","2011-10-13","1"
"534","A","b","2011-10-14","1"
"535","A","b","2011-10-15","1"
"536","A","b","2011-10-16","1"
"537","A","b","2011-10-17","1"
"538","A","b","2011-10-18","1"
"539","A","b","2011-10-19","1"
"540","A","b","2011-10-20","1"
"541","A","b","2011-10-21","1"
"542","A","b","2011-10-22","1"
"543","A","b","2011-10-23","1"
"544","A","b","2011-10-24","1"
"545","A","b","2011-10-25","1"
"546","A","l","2011-10-26","0"
"547","A","l","2011-10-27","0"
"548","A","l","2011-10-28","0"
"549","A","l","2011-10-29","1"
"550","A","l","2011-10-30","0"
"551","A","l","2011-10-31","0"
"552","A","l","2011-11-01","0"
"553","A","l","2011-11-02","0"
"554","A","l","2011-11-03","0"
"555","A","l","2011-11-04","0"
"556","A","l","2011-11-05","0"
"557","A","l","2011-11-06","0"
"558","A","l","2011-11-07","1"
"559","A","b","2011-11-08","1"
"560","A","b","2011-11-09","1"
"561","A","b","2011-11-10","1"
"562","A","b","2011-11-11","1"
"563","A","b","2011-11-12","1"
"564","A","b","2011-11-13","1"
"565","A","b","2011-11-14","1"
"566","A","b","2011-11-15","1"
"567","A","b","2011-11-16","1"
"568","A","b","2011-11-17","1"
"569","A","b","2011-11-18","1"
"570","A","b","2011-11-19","1"
"571","A","b","2011-11-20","1"
"572","A","b","2011-11-21","1"
"573","A","b","2011-11-22","1"
"574","A","b","2011-11-23","1"
"575","A","b","2011-11-24","1"
"576","A","b","2011-11-25","1"
"577","A","b","2011-11-26","1"
"578","A","b","2011-11-27","1"
"579","A","b","2011-11-28","1"
"580","A","b","2011-11-29","1"
"581","A","b","2011-11-30","1"
"582","A","b","2011-12-01","1"
"583","A","b","2011-12-02","1"
"584","A","b","2011-12-03","1"
"585","A","b","2011-12-04","1"
"586","A","b","2011-12-05","1"
"587","A","l","2011-12-06","0"
"588","A","b","2011-12-07","1"
"589","A","b","2011-12-08","1"
"590","A","b","2011-12-09","1"
"591","A","b","2011-12-10","1"
"592","A","b","2011-12-11","1"
"593","A","b","2011-12-12","1"
"594","A","b","2011-12-13","1"
"595","A","b","2011-12-14","1"
"596","A","b","2011-12-15","1"
"597","A","b","2011-12-16","1"
"598","A","b","2011-12-17","1"
"599","A","b","2011-12-18","1"
"600","A","b","2011-12-19","1"
"601","A","b","2011-12-20","1"
"602","A","b","2011-12-21","1"
"603","A","b","2011-12-22","1"
"604","A","b","2011-12-23","1"
"605","A","b","2011-12-24","1"
"606","A","b","2011-12-25","1"
"607","A","b","2011-12-26","1"
"608","A","b","2011-12-27","1"
"609","A","b","2011-12-28","1"
"610","A","b","2011-12-29","1"
"611","A","b","2011-12-30","1"
"612","A","b","2011-12-31","1"
"613","A","b","2012-01-01","1"
"614","A","b","2012-01-02","0"
"615","A","b","2012-01-03","1"
"616","A","l","2012-01-04","1"
"617","A","b","2012-01-05","1"
"618","A","b","2012-01-06","1"
"619","A","b","2012-01-07","1"
"620","A","b","2012-01-08","1"
"621","A","b","2012-01-09","1"
"622","A","b","2012-01-10","1"
"623","A","b","2012-01-11","1"
"624","A","b","2012-01-12","1"
"625","A","b","2012-01-13","1"
"626","A","b","2012-01-14","1"
"627","A","b","2012-01-15","1"
"628","A","b","2012-01-16","1"
"629","A","b","2012-01-17","1"
"630","A","b","2012-01-18","1"
"631","A","b","2012-01-19","1"
"632","A","b","2012-01-20","1"
"633","A","b","2012-01-21","1"
"634","A","b","2012-01-22","1"
"635","A","b","2012-01-23","1"
"636","A","b","2012-01-24","1"
"637","A","b","2012-01-25","1"
"638","A","b","2012-01-26","1"
"639","A","b","2012-01-27","1"
"640","A","b","2012-01-28","1"
"641","A","b","2012-01-29","1"
"642","A","b","2012-01-30","1"
"643","A","b","2012-01-31","1"
"644","A","b","2012-02-01","1"
"645","A","l","2012-02-02","0"
"646","A","l","2012-02-03","0"
"647","A","l","2012-02-04","0"
"648","A","l","2012-02-05","0"
"649","A","l","2012-02-06","0"
"650","A","l","2012-02-07","0"
"651","A","b","2012-02-08","1"
"652","A","b","2012-02-09","0"
"653","A","b","2012-02-10","1"
"654","A","b","2012-02-11","1"
"655","A","b","2012-02-12","1"
"656","A","b","2012-02-13","1"
"657","A","b","2012-02-14","1"
"658","A","b","2012-02-15","1"
"659","A","b","2012-02-16","1"
"660","A","b","2012-02-17","1"
"661","A","b","2012-02-18","1"
"662","A","b","2012-02-19","1"
"663","A","b","2012-02-20","1"
"664","A","b","2012-02-21","1"
"665","A","b","2012-02-22","1"
"666","A","b","2012-02-23","1"
"667","A","b","2012-02-24","1"
"668","A","b","2012-02-25","1"
"669","A","b","2012-02-26","1"
"670","A","b","2012-02-27","1"
"671","A","b","2012-02-28","1"
"672","A","b","2012-02-29","1"
"673","A","b","2012-03-01","1"
"674","A","b","2012-03-02","1"
"675","A","b","2012-03-03","1"
"676","A","b","2012-03-04","1"
"677","A","b","2012-03-05","1"
"678","A","b","2012-03-06","1"
"679","B","l","2010-04-29","0"
"680","B","l","2010-04-30","0"
"681","B","l","2010-05-01","0"
"682","B","l","2010-05-02","0"
"683","B","l","2010-05-03","0"
"684","B","l","2010-05-04","0"
"685","B","l","2010-05-05","0"
"686","B","l","2010-05-06","0"
"687","B","l","2010-05-07","0"
"688","B","l","2010-05-08","0"
"689","B","l","2010-05-09","0"
"690","B","l","2010-05-10","0"
"691","B","l","2010-05-11","0"
"692","B","l","2010-05-12","0"
"693","B","l","2010-05-13","0"
"694","B","l","2010-05-14","0"
"695","B","l","2010-05-15","1"
"696","B","l","2010-05-16","0"
"697","B","l","2010-05-17","0"
"698","B","l","2010-05-18","0"
"699","B","l","2010-05-19","0"
"700","B","l","2010-05-20","0"
"701","B","l","2010-05-21","0"
"702","B","l","2010-05-22","0"
"703","B","l","2010-05-23","0"
"704","B","l","2010-05-24","0"
"705","B","l","2010-05-25","0"
"706","B","l","2010-05-26","0"
"707","B","l","2010-05-27","0"
"708","B","l","2010-05-28","0"
"709","B","l","2010-05-29","0"
"710","B","l","2010-05-30","0"
"711","B","l","2010-05-31","0"
"712","B","l","2010-06-01","0"
"713","B","l","2010-06-02","0"
"714","B","l","2010-06-03","0"
"715","B","l","2010-06-04","0"
"716","B","l","2010-06-05","0"
"717","B","l","2010-06-06","0"
"718","B","l","2010-06-07","0"
"719","B","l","2010-06-08","0"
"720","B","l","2010-06-09","0"
"721","B","l","2010-06-10","0"
"722","B","l","2010-06-11","0"
"723","B","l","2010-06-12","1"
"724","B","l","2010-06-13","0"
"725","B","l","2010-06-14","0"
"726","B","l","2010-06-15","0"
"727","B","l","2010-06-16","0"
"728","B","l","2010-06-17","0"
"729","B","l","2010-06-18","0"
"730","B","l","2010-06-19","0"
"731","B","l","2010-06-20","0"
"732","B","l","2010-06-21","0"
"733","B","l","2010-06-22","0"
"734","B","l","2010-06-23","0"
"735","B","l","2010-06-24","0"
"736","B","l","2010-06-25","0"
"737","B","l","2010-06-26","0"
"738","B","l","2010-06-27","0"
"739","B","l","2010-06-28","0"
"740","B","l","2010-06-29","0"
"741","B","l","2010-06-30","0"
"742","B","l","2010-07-01","0"
"743","B","l","2010-07-02","0"
"744","B","l","2010-07-03","0"
"745","B","l","2010-07-04","0"
"746","B","l","2010-07-05","0"
"747","B","l","2010-07-06","0"
"748","B","l","2010-07-07","0"
"749","B","l","2010-07-08","0"
"750","B","l","2010-07-09","0"
"751","B","l","2010-07-10","0"
"752","B","l","2010-07-11","0"
"753","B","l","2010-07-12","0"
"754","B","l","2010-07-13","0"
"755","B","l","2010-07-14","0"
"756","B","l","2010-07-15","0"
"757","B","l","2010-07-16","0"
"758","B","l","2010-07-17","0"
"759","B","l","2010-07-18","0"
"760","B","l","2010-07-19","0"
"761","B","l","2010-07-20","0"
"762","B","l","2010-07-21","0"
"763","B","l","2010-07-22","0"
"764","B","l","2010-07-23","0"
"765","B","l","2010-07-24","0"
"766","B","l","2010-07-25","0"
"767","B","l","2010-07-26","1"
"768","B","l","2010-07-27","0"
"769","B","l","2010-07-28","0"
"770","B","l","2010-07-29","0"
"771","B","l","2010-07-30","0"
"772","B","l","2010-07-31","0"
"773","B","l","2010-08-01","0"
"774","B","l","2010-08-02","0"
"775","B","l","2010-08-03","0"
"776","B","l","2010-08-04","0"
"777","B","l","2010-08-05","0"
"778","B","l","2010-08-06","0"
"779","B","l","2010-08-07","0"
"780","B","l","2010-08-08","0"
"781","B","l","2010-08-09","0"
"782","B","l","2010-08-10","0"
"783","B","l","2010-08-11","0"
"784","B","l","2010-08-12","0"
"785","B","l","2010-08-13","0"
"786","B","l","2010-08-14","0"
"787","B","l","2010-08-15","0"
"788","B","l","2010-08-16","0"
"789","B","l","2010-08-17","0"
"790","B","l","2010-08-18","0"
"791","B","l","2010-08-19","0"
"792","B","l","2010-08-20","0"
"793","B","l","2010-08-21","0"
"794","B","l","2010-08-22","0"
"795","B","l","2010-08-23","0"
"796","B","l","2010-08-24","0"
"797","B","l","2010-08-25","0"
"798","B","l","2010-08-26","0"
"799","B","l","2010-08-27","0"
"800","B","l","2010-08-28","0"
"801","B","l","2010-08-29","0"
"802","B","l","2010-08-30","0"
"803","B","l","2010-08-31","0"
"804","B","l","2010-09-01","0"
"805","B","l","2010-09-02","1"
"806","B","l","2010-09-03","0"
"807","B","l","2010-09-04","0"
"808","B","l","2010-09-05","1"
"809","B","l","2010-09-06","0"
"810","B","l","2010-09-07","0"
"811","B","l","2010-09-08","0"
"812","B","l","2010-09-09","0"
"813","B","l","2010-09-10","0"
"814","B","l","2010-09-11","1"
"815","B","l","2010-09-12","0"
"816","B","l","2010-09-13","0"
"817","B","l","2010-09-14","0"
"818","B","l","2010-09-15","0"
"819","B","l","2010-09-16","0"
"820","B","l","2010-09-17","0"
"821","B","l","2010-09-18","0"
"822","B","l","2010-09-19","0"
"823","B","l","2010-09-20","0"
"824","B","l","2010-09-21","0"
"825","B","l","2010-09-22","0"
"826","B","l","2010-09-23","0"
"827","B","l","2010-09-24","0"
"828","B","l","2010-09-25","0"
"829","B","l","2010-09-26","0"
"830","B","l","2010-09-27","0"
"831","B","l","2010-09-28","0"
"832","B","l","2010-09-29","0"
"833","B","l","2010-09-30","0"
"834","B","l","2010-10-01","0"
"835","B","l","2010-10-02","1"
"836","B","l","2010-10-03","0"
"837","B","l","2010-10-04","0"
"838","B","l","2010-10-05","0"
"839","B","l","2010-10-06","0"
"840","B","l","2010-10-07","0"
"841","B","l","2010-10-08","0"
"842","B","l","2010-10-09","0"
"843","B","l","2010-10-10","0"
"844","B","l","2010-10-11","0"
"845","B","l","2010-10-12","0"
"846","B","l","2010-10-13","0"
"847","B","l","2010-10-14","0"
"848","B","l","2010-10-15","0"
"849","B","l","2010-10-16","0"
"850","B","l","2010-10-17","0"
"851","B","l","2010-10-18","0"
"852","B","l","2010-10-19","0"
"853","B","l","2010-10-20","0"
"854","B","l","2010-10-21","0"
"855","B","l","2010-10-22","0"
"856","B","l","2010-10-23","0"
"857","B","l","2010-10-24","0"
"858","B","l","2010-10-25","0"
"859","B","l","2010-10-26","0"
"860","B","l","2010-10-27","0"
"861","B","l","2010-10-28","0"
"862","B","l","2010-10-29","0"
"863","B","l","2010-10-30","0"
"864","B","k","2010-10-31","1"
"865","B","k","2010-11-01","1"
"866","B","k","2010-11-02","1"
"867","B","k","2010-11-03","1"
"868","B","k","2010-11-04","1"
"869","B","k","2010-11-05","1"
"870","B","k","2010-11-06","1"
"871","B","k","2010-11-07","1"
"872","B","k","2010-11-08","1"
"873","B","k","2010-11-09","1"
"874","B","k","2010-11-10","1"
"875","B","k","2010-11-11","1"
"876","B","k","2010-11-12","1"
"877","B","k","2010-11-13","1"
"878","B","k","2010-11-14","1"
"879","B","k","2010-11-15","1"
"880","B","k","2010-11-16","1"
"881","B","k","2010-11-17","1"
"882","B","k","2010-11-18","1"
"883","B","h","2010-11-19","2"
"884","B","h","2010-11-20","2"
"885","B","h","2010-11-21","2"
"886","B","h","2010-11-22","2"
"887","B","h","2010-11-23","2"
"888","B","h","2010-11-24","2"
"889","B","h","2010-11-25","2"
"890","B","h","2010-11-26","2"
"891","B","h","2010-11-27","2"
"892","B","f","2010-11-28","1"
"893","B","f","2010-11-29","1"
"894","B","f","2010-11-30","1"
"895","B","f","2010-12-01","1"
"896","B","g","2010-12-02","2"
"897","B","g","2010-12-03","2"
"898","B","g","2010-12-04","2"
"899","B","g","2010-12-05","2"
"900","B","g","2010-12-06","2"
"901","B","g","2010-12-07","2"
"902","B","g","2010-12-08","2"
"903","B","g","2010-12-09","2"
"904","B","g","2010-12-10","2"
"905","B","g","2010-12-11","2"
"906","B","g","2010-12-12","2"
"907","B","g","2010-12-13","2"
"908","B","g","2010-12-14","2"
"909","B","g","2010-12-15","2"
"910","B","g","2010-12-16","2"
"911","B","g","2010-12-17","2"
"912","B","g","2010-12-18","2"
"913","B","g","2010-12-19","2"
"914","B","g","2010-12-20","2"
"915","B","g","2010-12-21","2"
"916","B","g","2010-12-22","2"
"917","B","g","2010-12-23","2"
"918","B","g","2010-12-24","2"
"919","B","g","2010-12-25","2"
"920","B","g","2010-12-26","2"
"921","B","g","2010-12-27","2"
"922","B","g","2010-12-28","2"
"923","B","g","2010-12-29","2"
"924","B","f","2010-12-30","1"
"925","B","f","2010-12-31","1"
"926","B","f","2011-01-01","1"
"927","B","f","2011-01-02","1"
"928","B","f","2011-01-03","1"
"929","B","f","2011-01-04","1"
"930","B","f","2011-01-05","1"
"931","B","f","2011-01-06","1"
"932","B","f","2011-01-07","1"
"933","B","f","2011-01-08","1"
"934","B","g","2011-01-09","2"
"935","B","g","2011-01-10","2"
"936","B","g","2011-01-11","2"
"937","B","g","2011-01-12","2"
"938","B","g","2011-01-13","2"
"939","B","g","2011-01-14","2"
"940","B","g","2011-01-15","2"
"941","B","g","2011-01-16","2"
"942","B","g","2011-01-17","2"
"943","B","g","2011-01-18","2"
"944","B","g","2011-01-19","2"
"945","B","g","2011-01-20","2"
"946","B","g","2011-01-21","2"
"947","B","g","2011-01-22","2"
"948","B","g","2011-01-23","2"
"949","B","g","2011-01-24","2"
"950","B","g","2011-01-25","2"
"951","B","g","2011-01-26","2"
"952","B","g","2011-01-27","2"
"953","B","g","2011-01-28","2"
"954","B","g","2011-01-29","2"
"955","B","g","2011-01-30","2"
"956","B","g","2011-01-31","2"
"957","B","g","2011-02-01","2"
"958","B","g","2011-02-02","2"
"959","B","g","2011-02-03","2"
"960","B","g","2011-02-04","2"
"961","B","g","2011-02-05","2"
"962","B","l","2011-02-06","0"
"963","B","l","2011-02-07","0"
"964","B","l","2011-02-08","0"
"965","B","l","2011-02-09","0"
"966","B","f","2011-02-10","1"
"967","B","f","2011-02-11","1"
"968","B","f","2011-02-12","1"
"969","B","f","2011-02-13","1"
"970","B","f","2011-02-14","1"
"971","B","f","2011-02-15","1"
"972","B","f","2011-02-16","1"
"973","B","f","2011-02-17","1"
"974","B","f","2011-02-18","1"
"975","B","f","2011-02-19","1"
"976","B","f","2011-02-20","1"
"977","B","f","2011-02-21","1"
"978","B","f","2011-02-22","1"
"979","B","f","2011-02-23","1"
"980","B","f","2011-02-24","1"
"981","B","f","2011-02-25","1"
"982","B","f","2011-02-26","1"
"983","B","f","2011-02-27","1"
"984","B","f","2011-02-28","1"
"985","B","f","2011-03-01","1"
"986","B","f","2011-03-02","1"
"987","B","f","2011-03-03","1"
"988","B","f","2011-03-04","1"
"989","B","f","2011-03-05","1"
"990","B","f","2011-03-06","1"
"991","B","f","2011-03-07","1"
"992","B","f","2011-03-08","1"
"993","B","f","2011-03-09","1"
"994","B","f","2011-03-10","1"
"995","B","f","2011-03-11","1"
"996","B","f","2011-03-12","1"
"997","B","f","2011-03-13","1"
"998","B","f","2011-03-14","1"
"999","B","f","2011-03-15","1"
"1000","B","f","2011-03-16","1"
"1001","B","f","2011-03-17","1"
"1002","B","f","2011-03-18","1"
"1003","B","f","2011-03-19","1"
"1004","B","f","2011-03-20","1"
"1005","B","f","2011-03-21","1"
"1006","B","f","2011-03-22","1"
"1007","B","f","2011-03-23","1"
"1008","B","f","2011-03-24","1"
"1009","B","f","2011-03-25","1"
"1010","B","f","2011-03-26","1"
"1011","B","f","2011-03-27","1"
"1012","B","f","2011-03-28","1"
"1013","B","f","2011-03-29","1"
"1014","B","f","2011-03-30","1"
"1015","B","f","2011-03-31","1"
"1016","B","f","2011-04-01","1"
"1017","B","f","2011-04-02","1"
"1018","B","f","2011-04-03","1"
"1019","B","l","2011-04-04","0"
"1020","B","f","2011-04-05","1"
"1021","B","f","2011-04-06","1"
"1022","B","f","2011-04-07","1"
"1023","B","f","2011-04-08","1"
"1024","B","f","2011-04-09","1"
"1025","B","f","2011-04-10","1"
"1026","B","f","2011-04-11","1"
"1027","B","f","2011-04-12","1"
"1028","B","f","2011-04-13","1"
"1029","B","f","2011-04-14","1"
"1030","B","f","2011-04-15","1"
"1031","B","f","2011-04-16","1"
"1032","B","f","2011-04-17","1"
"1033","B","f","2011-04-18","1"
"1034","B","f","2011-04-19","1"
"1035","B","f","2011-04-20","1"
"1036","B","f","2011-04-21","1"
"1037","B","f","2011-04-22","1"
"1038","B","f","2011-04-23","1"
"1039","B","f","2011-04-24","1"
"1040","B","f","2011-04-25","1"
"1041","B","f","2011-04-26","1"
"1042","B","f","2011-04-27","1"
"1043","B","f","2011-04-28","1"
"1044","B","f","2011-04-29","1"
"1045","B","f","2011-04-30","1"
"1046","B","f","2011-05-01","1"
"1047","B","f","2011-05-02","1"
"1048","B","f","2011-05-03","1"
"1049","B","f","2011-05-04","1"
"1050","B","f","2011-05-05","1"
"1051","B","f","2011-05-06","1"
"1052","B","f","2011-05-07","1"
"1053","B","f","2011-05-08","1"
"1054","B","f","2011-05-09","1"
"1055","B","f","2011-05-10","1"
"1056","B","f","2011-05-11","1"
"1057","B","f","2011-05-12","1"
"1058","B","f","2011-05-13","1"
"1059","B","f","2011-05-14","1"
"1060","B","f","2011-05-15","1"
"1061","B","f","2011-05-16","1"
"1062","B","f","2011-05-17","1"
"1063","B","f","2011-05-18","1"
"1064","B","f","2011-05-19","0"
"1065","B","f","2011-05-20","1"
"1066","B","f","2011-05-21","1"
"1067","B","f","2011-05-22","1"
"1068","B","f","2011-05-23","1"
"1069","B","f","2011-05-24","1"
"1070","B","f","2011-05-25","1"
"1071","B","f","2011-05-26","1"
"1072","B","f","2011-05-27","1"
"1073","B","f","2011-05-28","1"
"1074","B","l","2011-05-29","0"
"1075","B","l","2011-05-30","0"
"1076","B","l","2011-05-31","0"
"1077","B","l","2011-06-01","0"
"1078","B","l","2011-06-02","0"
"1079","B","l","2011-06-03","0"
"1080","B","l","2011-06-04","0"
"1081","B","l","2011-06-05","0"
"1082","B","l","2011-06-06","1"
"1083","B","f","2011-06-07","1"
"1084","B","f","2011-06-08","1"
"1085","B","f","2011-06-09","1"
"1086","B","f","2011-06-10","1"
"1087","B","f","2011-06-11","1"
"1088","B","f","2011-06-12","1"
"1089","B","f","2011-06-13","1"
"1090","B","f","2011-06-14","1"
"1091","B","f","2011-06-15","1"
"1092","B","f","2011-06-16","1"
"1093","B","f","2011-06-17","0"
"1094","B","f","2011-06-18","1"
"1095","B","f","2011-06-19","1"
"1096","B","f","2011-06-20","1"
"1097","B","f","2011-06-21","1"
"1098","B","f","2011-06-22","1"
"1099","B","f","2011-06-23","1"
"1100","B","f","2011-06-24","0"
"1101","B","f","2011-06-25","1"
"1102","B","f","2011-06-26","1"
"1103","B","f","2011-06-27","1"
"1104","B","f","2011-06-28","1"
"1105","B","f","2011-06-29","1"
"1106","B","f","2011-06-30","1"
"1107","B","f","2011-07-01","1"
"1108","B","f","2011-07-02","1"
"1109","B","f","2011-07-03","1"
"1110","B","e","2011-07-04","2"
"1111","B","i","2011-07-05","1"
"1112","B","i","2011-07-06","1"
"1113","B","i","2011-07-07","1"
"1114","B","i","2011-07-08","1"
"1115","B","i","2011-07-09","1"
"1116","B","i","2011-07-10","1"
"1117","B","i","2011-07-11","1"
"1118","B","i","2011-07-12","1"
"1119","B","i","2011-07-13","1"
"1120","B","i","2011-07-14","1"
"1121","B","i","2011-07-15","1"
"1122","B","i","2011-07-16","1"
"1123","B","i","2011-07-17","1"
"1124","B","i","2011-07-18","1"
"1125","B","i","2011-07-19","1"
"1126","B","i","2011-07-20","1"
"1127","B","i","2011-07-21","1"
"1128","B","i","2011-07-22","1"
"1129","B","i","2011-07-23","1"
"1130","B","i","2011-07-24","1"
"1131","B","i","2011-07-25","1"
"1132","B","i","2011-07-26","1"
"1133","B","i","2011-07-27","1"
"1134","B","i","2011-07-28","1"
"1135","B","i","2011-07-29","1"
"1136","B","i","2011-07-30","1"
"1137","B","i","2011-07-31","1"
"1138","B","l","2011-08-01","0"
"1139","B","i","2011-08-02","1"
"1140","B","i","2011-08-03","1"
"1141","B","i","2011-08-04","1"
"1142","B","i","2011-08-05","1"
"1143","B","i","2011-08-06","1"
"1144","B","i","2011-08-07","1"
"1145","B","i","2011-08-08","1"
"1146","B","i","2011-08-09","1"
"1147","B","i","2011-08-10","1"
"1148","B","i","2011-08-11","1"
"1149","B","i","2011-08-12","1"
"1150","B","i","2011-08-13","1"
"1151","B","i","2011-08-14","1"
"1152","B","i","2011-08-15","1"
"1153","B","i","2011-08-16","1"
"1154","B","i","2011-08-17","1"
"1155","B","i","2011-08-18","1"
"1156","B","i","2011-08-19","1"
"1157","B","i","2011-08-20","1"
"1158","B","i","2011-08-21","1"
"1159","B","i","2011-08-22","1"
"1160","B","i","2011-08-23","1"
"1161","B","i","2011-08-24","1"
"1162","B","i","2011-08-25","1"
"1163","B","i","2011-08-26","1"
"1164","B","i","2011-08-27","1"
"1165","B","i","2011-08-28","1"
"1166","B","i","2011-08-29","1"
"1167","B","l","2011-08-30","0"
"1168","B","l","2011-08-31","0"
"1169","B","l","2011-09-01","0"
"1170","B","l","2011-09-02","0"
"1171","B","l","2011-09-03","0"
"1172","B","l","2011-09-04","1"
"1173","B","l","2011-09-05","0"
"1174","B","l","2011-09-06","0"
"1175","B","i","2011-09-07","1"
"1176","B","i","2011-09-08","1"
"1177","B","i","2011-09-09","1"
"1178","B","i","2011-09-10","1"
"1179","B","i","2011-09-11","1"
"1180","B","i","2011-09-12","1"
"1181","B","i","2011-09-13","1"
"1182","B","i","2011-09-14","1"
"1183","B","i","2011-09-15","1"
"1184","B","i","2011-09-16","1"
"1185","B","i","2011-09-17","1"
"1186","B","i","2011-09-18","1"
"1187","B","i","2011-09-19","1"
"1188","B","i","2011-09-20","1"
"1189","B","i","2011-09-21","1"
"1190","B","i","2011-09-22","1"
"1191","B","i","2011-09-23","1"
"1192","B","i","2011-09-24","1"
"1193","B","i","2011-09-25","1"
"1194","B","i","2011-09-26","1"
"1195","B","i","2011-09-27","1"
"1196","B","i","2011-09-28","1"
"1197","B","i","2011-09-29","1"
"1198","B","i","2011-09-30","1"
"1199","B","i","2011-10-01","1"
"1200","B","i","2011-10-02","1"
"1201","B","i","2011-10-03","1"
"1202","B","i","2011-10-04","1"
"1203","B","l","2011-10-05","0"
"1204","B","l","2011-10-06","0"
"1205","B","l","2011-10-07","0"
"1206","B","i","2011-10-08","1"
"1207","B","i","2011-10-09","1"
"1208","B","i","2011-10-10","1"
"1209","B","i","2011-10-11","1"
"1210","B","i","2011-10-12","1"
"1211","B","i","2011-10-13","1"
"1212","B","i","2011-10-14","1"
"1213","B","i","2011-10-15","1"
"1214","B","i","2011-10-16","1"
"1215","B","i","2011-10-17","1"
"1216","B","i","2011-10-18","1"
"1217","B","i","2011-10-19","0"
"1218","B","i","2011-10-20","1"
"1219","B","i","2011-10-21","1"
"1220","B","i","2011-10-22","1"
"1221","B","i","2011-10-23","1"
"1222","B","i","2011-10-24","1"
"1223","B","i","2011-10-25","1"
"1224","B","i","2011-10-26","1"
"1225","B","i","2011-10-27","1"
"1226","B","i","2011-10-28","1"
"1227","B","i","2011-10-29","1"
"1228","B","i","2011-10-30","1"
"1229","B","i","2011-10-31","1"
"1230","B","i","2011-11-01","1"
"1231","B","i","2011-11-02","1"
"1232","B","i","2011-11-03","1"
"1233","B","i","2011-11-04","1"
"1234","B","i","2011-11-05","1"
"1235","B","i","2011-11-06","1"
"1236","B","i","2011-11-07","1"
"1237","B","i","2011-11-08","1"
"1238","B","i","2011-11-09","1"
"1239","B","i","2011-11-10","1"
"1240","B","i","2011-11-11","1"
"1241","B","i","2011-11-12","1"
"1242","B","i","2011-11-13","1"
"1243","B","i","2011-11-14","1"
"1244","B","i","2011-11-15","1"
"1245","B","i","2011-11-16","0"
"1246","B","i","2011-11-17","1"
"1247","B","i","2011-11-18","1"
"1248","B","i","2011-11-19","1"
"1249","B","i","2011-11-20","1"
"1250","B","i","2011-11-21","1"
"1251","B","i","2011-11-22","1"
"1252","B","i","2011-11-23","1"
"1253","B","i","2011-11-24","1"
"1254","B","i","2011-11-25","1"
"1255","B","i","2011-11-26","1"
"1256","B","i","2011-11-27","1"
"1257","B","l","2011-11-28","1"
"1258","B","l","2011-11-29","0"
"1259","B","l","2011-11-30","0"
"1260","B","l","2011-12-01","0"
"1261","B","l","2011-12-02","0"
"1262","B","l","2011-12-03","0"
"1263","B","l","2011-12-04","0"
"1264","B","l","2011-12-05","0"
"1265","B","l","2011-12-06","1"
"1266","B","l","2011-12-07","0"
"1267","B","l","2011-12-08","0"
"1268","B","l","2011-12-09","0"
"1269","B","i","2011-12-10","1"
"1270","B","i","2011-12-11","1"
"1271","B","i","2011-12-12","1"
"1272","B","i","2011-12-13","1"
"1273","B","i","2011-12-14","1"
"1274","B","i","2011-12-15","1"
"1275","B","i","2011-12-16","1"
"1276","B","i","2011-12-17","1"
"1277","B","i","2011-12-18","1"
"1278","B","i","2011-12-19","1"
"1279","B","i","2011-12-20","1"
"1280","B","i","2011-12-21","1"
"1281","B","i","2011-12-22","1"
"1282","B","i","2011-12-23","1"
"1283","B","i","2011-12-24","1"
"1284","B","i","2011-12-25","1"
"1285","B","i","2011-12-26","1"
"1286","B","i","2011-12-27","1"
"1287","B","i","2011-12-28","0"
"1288","B","i","2011-12-29","1"
"1289","B","i","2011-12-30","1"
"1290","B","i","2011-12-31","1"
"1291","B","i","2012-01-01","1"
"1292","B","i","2012-01-02","1"
"1293","B","i","2012-01-03","1"
"1294","B","i","2012-01-04","1"
"1295","B","i","2012-01-05","1"
"1296","B","i","2012-01-06","1"
"1297","B","l","2012-01-07","0"
"1298","B","i","2012-01-08","1"
"1299","B","i","2012-01-09","1"
"1300","B","i","2012-01-10","1"
"1301","B","i","2012-01-11","1"
"1302","B","i","2012-01-12","1"
"1303","B","i","2012-01-13","1"
"1304","B","i","2012-01-14","1"
"1305","B","i","2012-01-15","1"
"1306","B","i","2012-01-16","1"
"1307","B","i","2012-01-17","1"
"1308","B","i","2012-01-18","1"
"1309","B","i","2012-01-19","1"
"1310","B","i","2012-01-20","1"
"1311","B","i","2012-01-21","1"
"1312","B","i","2012-01-22","1"
"1313","B","i","2012-01-23","1"
"1314","B","i","2012-01-24","1"
"1315","B","i","2012-01-25","1"
"1316","B","i","2012-01-26","1"
"1317","B","i","2012-01-27","1"
"1318","B","i","2012-01-28","1"
"1319","B","i","2012-01-29","1"
"1320","B","i","2012-01-30","1"
"1321","B","i","2012-01-31","1"
"1322","B","i","2012-02-01","1"
"1323","B","i","2012-02-02","1"
"1324","B","i","2012-02-03","1"
"1325","B","i","2012-02-04","1"
"1326","B","l","2012-02-05","0"
"1327","B","l","2012-02-06","0"
"1328","B","l","2012-02-07","0"
"1329","B","l","2012-02-08","0"
"1330","B","l","2012-02-09","0"
"1331","B","l","2012-02-10","0"
"1332","B","l","2012-02-11","0"
"1333","B","l","2012-02-12","0"
"1334","B","l","2012-02-13","0"
"1335","B","l","2012-02-14","0"
"1336","B","l","2012-02-15","0"
"1337","B","l","2012-02-16","0"
"1338","B","l","2012-02-17","0"
"1339","B","l","2012-02-18","0"
"1340","B","l","2012-02-19","0"
"1341","B","l","2012-02-20","0"
"1342","B","l","2012-02-21","0"
"1343","B","l","2012-02-22","0"
"1344","B","l","2012-02-23","0"
"1345","B","l","2012-02-24","0"
"1346","B","l","2012-02-25","1"
"1347","B","l","2012-02-26","0"
"1348","B","l","2012-02-27","0"
"1349","B","l","2012-02-28","0"
"1350","B","l","2012-02-29","0"
"1351","B","l","2012-03-01","0"
"1352","B","l","2012-03-02","0"
"1353","B","l","2012-03-03","0"
"1354","B","l","2012-03-04","0"
"1355","B","l","2012-03-05","0"
"1356","B","l","2012-03-06","0"
"2035","D","l","2010-04-29","0"
"2036","D","l","2010-04-30","0"
"2037","D","l","2010-05-01","1"
"2038","D","l","2010-05-02","0"
"2039","D","l","2010-05-03","0"
"2040","D","l","2010-05-04","0"
"2041","D","l","2010-05-05","0"
"2042","D","l","2010-05-06","0"
"2043","D","l","2010-05-07","0"
"2044","D","l","2010-05-08","0"
"2045","D","l","2010-05-09","0"
"2046","D","l","2010-05-10","0"
"2047","D","l","2010-05-11","0"
"2048","D","l","2010-05-12","0"
"2049","D","l","2010-05-13","0"
"2050","D","l","2010-05-14","0"
"2051","D","l","2010-05-15","0"
"2052","D","l","2010-05-16","0"
"2053","D","l","2010-05-17","0"
"2054","D","l","2010-05-18","0"
"2055","D","l","2010-05-19","0"
"2056","D","l","2010-05-20","0"
"2057","D","l","2010-05-21","0"
"2058","D","l","2010-05-22","0"
"2059","D","l","2010-05-23","0"
"2060","D","l","2010-05-24","0"
"2061","D","l","2010-05-25","0"
"2062","D","l","2010-05-26","0"
"2063","D","l","2010-05-27","0"
"2064","D","l","2010-05-28","0"
"2065","D","l","2010-05-29","0"
"2066","D","l","2010-05-30","0"
"2067","D","l","2010-05-31","0"
"2068","D","l","2010-06-01","0"
"2069","D","l","2010-06-02","0"
"2070","D","l","2010-06-03","0"
"2071","D","l","2010-06-04","1"
"2072","D","l","2010-06-05","0"
"2073","D","l","2010-06-06","1"
"2074","D","l","2010-06-07","0"
"2075","D","l","2010-06-08","0"
"2076","D","l","2010-06-09","0"
"2077","D","l","2010-06-10","1"
"2078","D","l","2010-06-11","0"
"2079","D","l","2010-06-12","0"
"2080","D","l","2010-06-13","1"
"2081","D","l","2010-06-14","0"
"2082","D","l","2010-06-15","0"
"2083","D","l","2010-06-16","0"
"2084","D","l","2010-06-17","0"
"2085","D","l","2010-06-18","0"
"2086","D","l","2010-06-19","0"
"2087","D","l","2010-06-20","0"
"2088","D","l","2010-06-21","0"
"2089","D","l","2010-06-22","0"
"2090","D","l","2010-06-23","0"
"2091","D","l","2010-06-24","0"
"2092","D","l","2010-06-25","0"
"2093","D","l","2010-06-26","0"
"2094","D","l","2010-06-27","0"
"2095","D","l","2010-06-28","0"
"2096","D","l","2010-06-29","0"
"2097","D","l","2010-06-30","0"
"2098","D","l","2010-07-01","0"
"2099","D","l","2010-07-02","0"
"2100","D","l","2010-07-03","0"
"2101","D","l","2010-07-04","0"
"2102","D","l","2010-07-05","0"
"2103","D","l","2010-07-06","0"
"2104","D","l","2010-07-07","0"
"2105","D","l","2010-07-08","0"
"2106","D","l","2010-07-09","0"
"2107","D","l","2010-07-10","0"
"2108","D","l","2010-07-11","0"
"2109","D","l","2010-07-12","0"
"2110","D","l","2010-07-13","0"
"2111","D","l","2010-07-14","0"
"2112","D","l","2010-07-15","0"
"2113","D","l","2010-07-16","0"
"2114","D","l","2010-07-17","0"
"2115","D","l","2010-07-18","0"
"2116","D","l","2010-07-19","0"
"2117","D","l","2010-07-20","0"
"2118","D","l","2010-07-21","0"
"2119","D","l","2010-07-22","0"
"2120","D","l","2010-07-23","0"
"2121","D","l","2010-07-24","0"
"2122","D","l","2010-07-25","0"
"2123","D","l","2010-07-26","0"
"2124","D","l","2010-07-27","0"
"2125","D","l","2010-07-28","0"
"2126","D","l","2010-07-29","0"
"2127","D","l","2010-07-30","0"
"2128","D","l","2010-07-31","0"
"2129","D","l","2010-08-01","0"
"2130","D","l","2010-08-02","0"
"2131","D","l","2010-08-03","0"
"2132","D","l","2010-08-04","0"
"2133","D","l","2010-08-05","0"
"2134","D","l","2010-08-06","0"
"2135","D","l","2010-08-07","0"
"2136","D","l","2010-08-08","0"
"2137","D","l","2010-08-09","0"
"2138","D","l","2010-08-10","0"
"2139","D","l","2010-08-11","0"
"2140","D","l","2010-08-12","0"
"2141","D","l","2010-08-13","0"
"2142","D","l","2010-08-14","0"
"2143","D","l","2010-08-15","0"
"2144","D","l","2010-08-16","0"
"2145","D","l","2010-08-17","0"
"2146","D","l","2010-08-18","0"
"2147","D","l","2010-08-19","0"
"2148","D","l","2010-08-20","0"
"2149","D","l","2010-08-21","0"
"2150","D","l","2010-08-22","0"
"2151","D","l","2010-08-23","0"
"2152","D","l","2010-08-24","0"
"2153","D","l","2010-08-25","0"
"2154","D","l","2010-08-26","0"
"2155","D","l","2010-08-27","0"
"2156","D","l","2010-08-28","0"
"2157","D","l","2010-08-29","0"
"2158","D","l","2010-08-30","0"
"2159","D","l","2010-08-31","0"
"2160","D","l","2010-09-01","0"
"2161","D","l","2010-09-02","1"
"2162","D","l","2010-09-03","0"
"2163","D","l","2010-09-04","0"
"2164","D","l","2010-09-05","0"
"2165","D","l","2010-09-06","0"
"2166","D","l","2010-09-07","0"
"2167","D","l","2010-09-08","1"
"2168","D","l","2010-09-09","0"
"2169","D","l","2010-09-10","0"
"2170","D","l","2010-09-11","0"
"2171","D","l","2010-09-12","0"
"2172","D","l","2010-09-13","0"
"2173","D","l","2010-09-14","0"
"2174","D","l","2010-09-15","0"
"2175","D","l","2010-09-16","0"
"2176","D","l","2010-09-17","0"
"2177","D","l","2010-09-18","0"
"2178","D","l","2010-09-19","0"
"2179","D","l","2010-09-20","0"
"2180","D","l","2010-09-21","0"
"2181","D","l","2010-09-22","0"
"2182","D","l","2010-09-23","0"
"2183","D","l","2010-09-24","0"
"2184","D","l","2010-09-25","0"
"2185","D","l","2010-09-26","0"
"2186","D","l","2010-09-27","0"
"2187","D","l","2010-09-28","0"
"2188","D","l","2010-09-29","0"
"2189","D","l","2010-09-30","0"
"2190","D","l","2010-10-01","0"
"2191","D","l","2010-10-02","0"
"2192","D","l","2010-10-03","0"
"2193","D","l","2010-10-04","0"
"2194","D","l","2010-10-05","0"
"2195","D","l","2010-10-06","0"
"2196","D","l","2010-10-07","0"
"2197","D","l","2010-10-08","0"
"2198","D","l","2010-10-09","0"
"2199","D","l","2010-10-10","1"
"2200","D","l","2010-10-11","0"
"2201","D","l","2010-10-12","0"
"2202","D","l","2010-10-13","0"
"2203","D","l","2010-10-14","0"
"2204","D","l","2010-10-15","0"
"2205","D","l","2010-10-16","0"
"2206","D","l","2010-10-17","0"
"2207","D","l","2010-10-18","1"
"2208","D","l","2010-10-19","0"
"2209","D","l","2010-10-20","0"
"2210","D","l","2010-10-21","0"
"2211","D","l","2010-10-22","0"
"2212","D","l","2010-10-23","0"
"2213","D","l","2010-10-24","0"
"2214","D","l","2010-10-25","0"
"2215","D","l","2010-10-26","0"
"2216","D","l","2010-10-27","0"
"2217","D","l","2010-10-28","0"
"2218","D","l","2010-10-29","0"
"2219","D","l","2010-10-30","0"
"2220","D","l","2010-10-31","0"
"2221","D","l","2010-11-01","0"
"2222","D","l","2010-11-02","0"
"2223","D","l","2010-11-03","0"
"2224","D","l","2010-11-04","0"
"2225","D","l","2010-11-05","0"
"2226","D","l","2010-11-06","0"
"2227","D","l","2010-11-07","0"
"2228","D","l","2010-11-08","0"
"2229","D","l","2010-11-09","0"
"2230","D","l","2010-11-10","0"
"2231","D","l","2010-11-11","0"
"2232","D","l","2010-11-12","0"
"2233","D","l","2010-11-13","0"
"2234","D","l","2010-11-14","0"
"2235","D","l","2010-11-15","0"
"2236","D","l","2010-11-16","0"
"2237","D","l","2010-11-17","0"
"2238","D","l","2010-11-18","0"
"2239","D","l","2010-11-19","0"
"2240","D","l","2010-11-20","0"
"2241","D","l","2010-11-21","0"
"2242","D","l","2010-11-22","0"
"2243","D","l","2010-11-23","0"
"2244","D","l","2010-11-24","0"
"2245","D","l","2010-11-25","0"
"2246","D","l","2010-11-26","0"
"2247","D","l","2010-11-27","0"
"2248","D","l","2010-11-28","0"
"2249","D","l","2010-11-29","0"
"2250","D","l","2010-11-30","0"
"2251","D","l","2010-12-01","0"
"2252","D","l","2010-12-02","0"
"2253","D","l","2010-12-03","0"
"2254","D","l","2010-12-04","0"
"2255","D","l","2010-12-05","1"
"2256","D","l","2010-12-06","0"
"2257","D","l","2010-12-07","0"
"2258","D","l","2010-12-08","0"
"2259","D","l","2010-12-09","0"
"2260","D","l","2010-12-10","0"
"2261","D","l","2010-12-11","0"
"2262","D","l","2010-12-12","0"
"2263","D","l","2010-12-13","0"
"2264","D","l","2010-12-14","0"
"2265","D","l","2010-12-15","0"
"2266","D","l","2010-12-16","0"
"2267","D","l","2010-12-17","0"
"2268","D","l","2010-12-18","0"
"2269","D","l","2010-12-19","0"
"2270","D","l","2010-12-20","0"
"2271","D","l","2010-12-21","1"
"2272","D","l","2010-12-22","0"
"2273","D","l","2010-12-23","0"
"2274","D","l","2010-12-24","0"
"2275","D","l","2010-12-25","0"
"2276","D","l","2010-12-26","0"
"2277","D","l","2010-12-27","0"
"2278","D","l","2010-12-28","0"
"2279","D","l","2010-12-29","0"
"2280","D","l","2010-12-30","0"
"2281","D","l","2010-12-31","0"
"2282","D","l","2011-01-01","0"
"2283","D","l","2011-01-02","0"
"2284","D","l","2011-01-03","0"
"2285","D","l","2011-01-04","0"
"2286","D","l","2011-01-05","0"
"2287","D","l","2011-01-06","0"
"2288","D","l","2011-01-07","0"
"2289","D","l","2011-01-08","0"
"2290","D","l","2011-01-09","0"
"2291","D","l","2011-01-10","0"
"2292","D","l","2011-01-11","0"
"2293","D","l","2011-01-12","0"
"2294","D","l","2011-01-13","0"
"2295","D","l","2011-01-14","0"
"2296","D","l","2011-01-15","0"
"2297","D","l","2011-01-16","0"
"2298","D","l","2011-01-17","0"
"2299","D","l","2011-01-18","0"
"2300","D","l","2011-01-19","0"
"2301","D","l","2011-01-20","0"
"2302","D","l","2011-01-21","0"
"2303","D","l","2011-01-22","0"
"2304","D","l","2011-01-23","0"
"2305","D","l","2011-01-24","0"
"2306","D","l","2011-01-25","0"
"2307","D","l","2011-01-26","0"
"2308","D","l","2011-01-27","0"
"2309","D","l","2011-01-28","0"
"2310","D","l","2011-01-29","0"
"2311","D","l","2011-01-30","0"
"2312","D","l","2011-01-31","0"
"2313","D","l","2011-02-01","0"
"2314","D","l","2011-02-02","0"
"2315","D","l","2011-02-03","0"
"2316","D","l","2011-02-04","0"
"2317","D","l","2011-02-05","0"
"2318","D","l","2011-02-06","0"
"2319","D","l","2011-02-07","0"
"2320","D","l","2011-02-08","0"
"2321","D","l","2011-02-09","0"
"2322","D","l","2011-02-10","0"
"2323","D","l","2011-02-11","0"
"2324","D","l","2011-02-12","0"
"2325","D","l","2011-02-13","0"
"2326","D","l","2011-02-14","1"
"2327","D","l","2011-02-15","0"
"2328","D","l","2011-02-16","0"
"2329","D","l","2011-02-17","0"
"2330","D","l","2011-02-18","0"
"2331","D","l","2011-02-19","0"
"2332","D","l","2011-02-20","0"
"2333","D","l","2011-02-21","0"
"2334","D","l","2011-02-22","0"
"2335","D","l","2011-02-23","0"
"2336","D","l","2011-02-24","0"
"2337","D","l","2011-02-25","0"
"2338","D","l","2011-02-26","0"
"2339","D","l","2011-02-27","0"
"2340","D","l","2011-02-28","0"
"2341","D","l","2011-03-01","0"
"2342","D","l","2011-03-02","0"
"2343","D","l","2011-03-03","0"
"2344","D","l","2011-03-04","0"
"2345","D","l","2011-03-05","0"
"2346","D","l","2011-03-06","1"
"2347","D","l","2011-03-07","0"
"2348","D","l","2011-03-08","0"
"2349","D","l","2011-03-09","0"
"2350","D","l","2011-03-10","0"
"2351","D","l","2011-03-11","0"
"2352","D","l","2011-03-12","0"
"2353","D","l","2011-03-13","0"
"2354","D","l","2011-03-14","0"
"2355","D","l","2011-03-15","0"
"2356","D","l","2011-03-16","0"
"2357","D","l","2011-03-17","0"
"2358","D","l","2011-03-18","0"
"2359","D","l","2011-03-19","0"
"2360","D","l","2011-03-20","0"
"2361","D","l","2011-03-21","0"
"2362","D","l","2011-03-22","0"
"2363","D","l","2011-03-23","0"
"2364","D","l","2011-03-24","0"
"2365","D","l","2011-03-25","0"
"2366","D","l","2011-03-26","0"
"2367","D","l","2011-03-27","0"
"2368","D","l","2011-03-28","0"
"2369","D","l","2011-03-29","0"
"2370","D","l","2011-03-30","0"
"2371","D","l","2011-03-31","0"
"2372","D","l","2011-04-01","0"
"2373","D","l","2011-04-02","0"
"2374","D","l","2011-04-03","0"
"2375","D","l","2011-04-04","0"
"2376","D","l","2011-04-05","0"
"2377","D","l","2011-04-06","0"
"2378","D","l","2011-04-07","0"
"2379","D","l","2011-04-08","0"
"2380","D","l","2011-04-09","0"
"2381","D","l","2011-04-10","1"
"2382","D","l","2011-04-11","0"
"2383","D","l","2011-04-12","0"
"2384","D","l","2011-04-13","0"
"2385","D","l","2011-04-14","0"
"2386","D","l","2011-04-15","0"
"2387","D","l","2011-04-16","0"
"2388","D","l","2011-04-17","0"
"2389","D","l","2011-04-18","0"
"2390","D","l","2011-04-19","0"
"2391","D","l","2011-04-20","0"
"2392","D","l","2011-04-21","0"
"2393","D","l","2011-04-22","0"
"2394","D","l","2011-04-23","0"
"2395","D","l","2011-04-24","0"
"2396","D","l","2011-04-25","0"
"2397","D","l","2011-04-26","0"
"2398","D","l","2011-04-27","0"
"2399","D","l","2011-04-28","0"
"2400","D","l","2011-04-29","0"
"2401","D","l","2011-04-30","0"
"2402","D","l","2011-05-01","0"
"2403","D","l","2011-05-02","0"
"2404","D","l","2011-05-03","0"
"2405","D","l","2011-05-04","0"
"2406","D","l","2011-05-05","0"
"2407","D","l","2011-05-06","0"
"2408","D","l","2011-05-07","0"
"2409","D","l","2011-05-08","1"
"2410","D","l","2011-05-09","0"
"2411","D","l","2011-05-10","0"
"2412","D","l","2011-05-11","1"
"2413","D","l","2011-05-12","0"
"2414","D","l","2011-05-13","0"
"2415","D","l","2011-05-14","1"
"2416","D","l","2011-05-15","0"
"2417","D","l","2011-05-16","0"
"2418","D","l","2011-05-17","0"
"2419","D","l","2011-05-18","0"
"2420","D","l","2011-05-19","1"
"2421","D","l","2011-05-20","0"
"2422","D","l","2011-05-21","0"
"2423","D","l","2011-05-22","0"
"2424","D","l","2011-05-23","0"
"2425","D","l","2011-05-24","0"
"2426","D","l","2011-05-25","0"
"2427","D","l","2011-05-26","0"
"2428","D","l","2011-05-27","0"
"2429","D","l","2011-05-28","0"
"2430","D","l","2011-05-29","0"
"2431","D","l","2011-05-30","0"
"2432","D","l","2011-05-31","0"
"2433","D","l","2011-06-01","0"
"2434","D","l","2011-06-02","0"
"2435","D","l","2011-06-03","0"
"2436","D","l","2011-06-04","0"
"2437","D","l","2011-06-05","0"
"2438","D","l","2011-06-06","0"
"2439","D","l","2011-06-07","0"
"2440","D","l","2011-06-08","0"
"2441","D","l","2011-06-09","0"
"2442","D","l","2011-06-10","0"
"2443","D","l","2011-06-11","0"
"2444","D","l","2011-06-12","0"
"2445","D","l","2011-06-13","0"
"2446","D","l","2011-06-14","0"
"2447","D","j","2011-06-15","1"
"2448","D","j","2011-06-16","1"
"2449","D","j","2011-06-17","1"
"2450","D","j","2011-06-18","1"
"2451","D","j","2011-06-19","1"
"2452","D","j","2011-06-20","1"
"2453","D","j","2011-06-21","1"
"2454","D","j","2011-06-22","1"
"2455","D","j","2011-06-23","1"
"2456","D","j","2011-06-24","1"
"2457","D","j","2011-06-25","1"
"2458","D","j","2011-06-26","0"
"2459","D","j","2011-06-27","1"
"2460","D","j","2011-06-28","1"
"2461","D","j","2011-06-29","1"
"2462","D","j","2011-06-30","1"
"2463","D","j","2011-07-01","1"
"2464","D","j","2011-07-02","1"
"2465","D","j","2011-07-03","1"
"2466","D","j","2011-07-04","1"
"2467","D","j","2011-07-05","1"
"2468","D","j","2011-07-06","1"
"2469","D","j","2011-07-07","1"
"2470","D","j","2011-07-08","1"
"2471","D","j","2011-07-09","1"
"2472","D","j","2011-07-10","1"
"2473","D","j","2011-07-11","1"
"2474","D","j","2011-07-12","1"
"2475","D","j","2011-07-13","1"
"2476","D","j","2011-07-14","1"
"2477","D","l","2011-07-15","1"
"2478","D","l","2011-07-16","0"
"2479","D","l","2011-07-17","0"
"2480","D","l","2011-07-18","0"
"2481","D","l","2011-07-19","0"
"2482","D","l","2011-07-20","0"
"2483","D","l","2011-07-21","1"
"2484","D","l","2011-07-22","0"
"2485","D","l","2011-07-23","0"
"2486","D","l","2011-07-24","0"
"2487","D","l","2011-07-25","0"
"2488","D","l","2011-07-26","0"
"2489","D","l","2011-07-27","0"
"2490","D","l","2011-07-28","0"
"2491","D","l","2011-07-29","0"
"2492","D","l","2011-07-30","0"
"2493","D","l","2011-07-31","0"
"2494","D","l","2011-08-01","0"
"2495","D","l","2011-08-02","0"
"2496","D","l","2011-08-03","0"
"2497","D","l","2011-08-04","0"
"2498","D","l","2011-08-05","0"
"2499","D","l","2011-08-06","0"
"2500","D","l","2011-08-07","0"
"2501","D","l","2011-08-08","0"
"2502","D","l","2011-08-09","0"
"2503","D","l","2011-08-10","0"
"2504","D","l","2011-08-11","0"
"2505","D","l","2011-08-12","0"
"2506","D","l","2011-08-13","0"
"2507","D","l","2011-08-14","0"
"2508","D","l","2011-08-15","0"
"2509","D","l","2011-08-16","0"
"2510","D","l","2011-08-17","0"
"2511","D","l","2011-08-18","0"
"2512","D","l","2011-08-19","0"
"2513","D","l","2011-08-20","0"
"2514","D","l","2011-08-21","0"
"2515","D","l","2011-08-22","0"
"2516","D","l","2011-08-23","0"
"2517","D","l","2011-08-24","0"
"2518","D","l","2011-08-25","0"
"2519","D","l","2011-08-26","0"
"2520","D","l","2011-08-27","0"
"2521","D","l","2011-08-28","0"
"2522","D","l","2011-08-29","0"
"2523","D","l","2011-08-30","0"
"2524","D","l","2011-08-31","0"
"2525","D","l","2011-09-01","0"
"2526","D","l","2011-09-02","0"
"2527","D","l","2011-09-03","0"
"2528","D","l","2011-09-04","0"
"2529","D","l","2011-09-05","0"
"2530","D","l","2011-09-06","0"
"2531","D","l","2011-09-07","0"
"2532","D","l","2011-09-08","0"
"2533","D","l","2011-09-09","0"
"2534","D","l","2011-09-10","0"
"2535","D","l","2011-09-11","0"
"2536","D","l","2011-09-12","0"
"2537","D","l","2011-09-13","0"
"2538","D","l","2011-09-14","0"
"2539","D","j","2011-09-15","1"
"2540","D","j","2011-09-16","1"
"2541","D","j","2011-09-17","1"
"2542","D","j","2011-09-18","1"
"2543","D","j","2011-09-19","1"
"2544","D","j","2011-09-20","1"
"2545","D","j","2011-09-21","1"
"2546","D","j","2011-09-22","1"
"2547","D","j","2011-09-23","1"
"2548","D","j","2011-09-24","1"
"2549","D","j","2011-09-25","1"
"2550","D","j","2011-09-26","1"
"2551","D","j","2011-09-27","1"
"2552","D","j","2011-09-28","1"
"2553","D","j","2011-09-29","1"
"2554","D","j","2011-09-30","1"
"2555","D","j","2011-10-01","1"
"2556","D","j","2011-10-02","1"
"2557","D","j","2011-10-03","1"
"2558","D","j","2011-10-04","1"
"2559","D","j","2011-10-05","1"
"2560","D","j","2011-10-06","1"
"2561","D","j","2011-10-07","1"
"2562","D","j","2011-10-08","1"
"2563","D","j","2011-10-09","1"
"2564","D","j","2011-10-10","1"
"2565","D","j","2011-10-11","1"
"2566","D","j","2011-10-12","1"
"2567","D","j","2011-10-13","1"
"2568","D","j","2011-10-14","1"
"2569","D","l","2011-10-15","0"
"2570","D","l","2011-10-16","0"
"2571","D","l","2011-10-17","0"
"2572","D","l","2011-10-18","0"
"2573","D","l","2011-10-19","0"
"2574","D","l","2011-10-20","0"
"2575","D","l","2011-10-21","0"
"2576","D","l","2011-10-22","0"
"2577","D","l","2011-10-23","1"
"2578","D","l","2011-10-24","0"
"2579","D","l","2011-10-25","0"
"2580","D","l","2011-10-26","0"
"2581","D","l","2011-10-27","0"
"2582","D","l","2011-10-28","0"
"2583","D","l","2011-10-29","0"
"2584","D","j","2011-10-30","1"
"2585","D","j","2011-10-31","1"
"2586","D","j","2011-11-01","1"
"2587","D","j","2011-11-02","1"
"2588","D","j","2011-11-03","1"
"2589","D","j","2011-11-04","1"
"2590","D","j","2011-11-05","1"
"2591","D","j","2011-11-06","1"
"2592","D","j","2011-11-07","1"
"2593","D","j","2011-11-08","1"
"2594","D","j","2011-11-09","1"
"2595","D","j","2011-11-10","1"
"2596","D","j","2011-11-11","1"
"2597","D","j","2011-11-12","1"
"2598","D","j","2011-11-13","1"
"2599","D","j","2011-11-14","1"
"2600","D","j","2011-11-15","1"
"2601","D","j","2011-11-16","1"
"2602","D","j","2011-11-17","1"
"2603","D","j","2011-11-18","1"
"2604","D","j","2011-11-19","1"
"2605","D","j","2011-11-20","1"
"2606","D","j","2011-11-21","1"
"2607","D","j","2011-11-22","1"
"2608","D","j","2011-11-23","1"
"2609","D","j","2011-11-24","1"
"2610","D","j","2011-11-25","1"
"2611","D","j","2011-11-26","1"
"2612","D","j","2011-11-27","1"
"2613","D","j","2011-11-28","1"
"2614","D","l","2011-11-29","0"
"2615","D","l","2011-11-30","0"
"2616","D","l","2011-12-01","0"
"2617","D","l","2011-12-02","0"
"2618","D","l","2011-12-03","0"
"2619","D","l","2011-12-04","0"
"2620","D","l","2011-12-05","0"
"2621","D","l","2011-12-06","0"
"2622","D","l","2011-12-07","0"
"2623","D","l","2011-12-08","0"
"2624","D","l","2011-12-09","0"
"2625","D","l","2011-12-10","0"
"2626","D","l","2011-12-11","0"
"2627","D","l","2011-12-12","0"
"2628","D","l","2011-12-13","0"
"2629","D","l","2011-12-14","0"
"2630","D","l","2011-12-15","0"
"2631","D","l","2011-12-16","0"
"2632","D","l","2011-12-17","0"
"2633","D","l","2011-12-18","0"
"2634","D","l","2011-12-19","1"
"2635","D","l","2011-12-20","0"
"2636","D","l","2011-12-21","0"
"2637","D","l","2011-12-22","0"
"2638","D","l","2011-12-23","0"
"2639","D","l","2011-12-24","0"
"2640","D","l","2011-12-25","1"
"2641","D","l","2011-12-26","0"
"2642","D","l","2011-12-27","0"
"2643","D","l","2011-12-28","0"
"2644","D","l","2011-12-29","0"
"2645","D","l","2011-12-30","0"
"2646","D","l","2011-12-31","0"
"2647","D","l","2012-01-01","0"
"2648","D","l","2012-01-02","1"
"2649","D","l","2012-01-03","0"
"2650","D","l","2012-01-04","0"
"2651","D","l","2012-01-05","0"
"2652","D","l","2012-01-06","0"
"2653","D","l","2012-01-07","0"
"2654","D","l","2012-01-08","0"
"2655","D","l","2012-01-09","0"
"2656","D","l","2012-01-10","0"
"2657","D","l","2012-01-11","0"
"2658","D","l","2012-01-12","0"
"2659","D","l","2012-01-13","1"
"2660","D","l","2012-01-14","0"
"2661","D","l","2012-01-15","0"
"2662","D","l","2012-01-16","0"
"2663","D","l","2012-01-17","1"
"2664","D","l","2012-01-18","0"
"2665","D","l","2012-01-19","0"
"2666","D","l","2012-01-20","0"
"2667","D","l","2012-01-21","0"
"2668","D","l","2012-01-22","0"
"2669","D","l","2012-01-23","0"
"2670","D","l","2012-01-24","0"
"2671","D","l","2012-01-25","0"
"2672","D","l","2012-01-26","0"
"2673","D","l","2012-01-27","0"
"2674","D","l","2012-01-28","1"
"2675","D","l","2012-01-29","0"
"2676","D","l","2012-01-30","0"
"2677","D","l","2012-01-31","0"
"2678","D","l","2012-02-01","0"
"2679","D","l","2012-02-02","1"
"2680","D","l","2012-02-03","0"
"2681","D","l","2012-02-04","0"
"2682","D","l","2012-02-05","0"
"2683","D","l","2012-02-06","0"
"2684","D","l","2012-02-07","0"
"2685","D","l","2012-02-08","0"
"2686","D","l","2012-02-09","0"
"2687","D","l","2012-02-10","0"
"2688","D","l","2012-02-11","0"
"2689","D","l","2012-02-12","0"
"2690","D","l","2012-02-13","0"
"2691","D","l","2012-02-14","0"
"2692","D","l","2012-02-15","0"
"2693","D","l","2012-02-16","0"
"2694","D","l","2012-02-17","0"
"2695","D","l","2012-02-18","0"
"2696","D","l","2012-02-19","0"
"2697","D","l","2012-02-20","0"
"2698","D","l","2012-02-21","0"
"2699","D","l","2012-02-22","0"
"2700","D","l","2012-02-23","0"
"2701","D","l","2012-02-24","0"
"2702","D","l","2012-02-25","0"
"2703","D","l","2012-02-26","0"
"2704","D","l","2012-02-27","0"
"2705","D","l","2012-02-28","1"
"2706","D","l","2012-02-29","0"
"2707","D","l","2012-03-01","0"
"2708","D","l","2012-03-02","0"
"2709","D","l","2012-03-03","0"
"2710","D","l","2012-03-04","0"
"2711","D","l","2012-03-05","0"
"2712","D","l","2012-03-06","0"
